file,page_number,reason,kept_file,kept_page_number,similarity
data/raw_pdfs/icmr_stw_vol3_2022.pdf,1,exact,data/raw_pdfs/icmr_stw_vol1_2019.pdf,1,1.0000
data/raw_pdfs/icmr_stw_vol3_2022.pdf,3,exact,data/raw_pdfs/icmr_stw_vol1_2019.pdf,4,1.0000
data/raw_pdfs/nice_ng253_sepsis.pdf,26,near,data/raw_pdfs/nice_ng253_sepsis.pdf,9,0.9498
data/raw_pdfs/nice_ng253_sepsis.pdf,27,near,data/raw_pdfs/nice_ng253_sepsis.pdf,10,0.9835
data/raw_pdfs/nice_ng253_sepsis.pdf,35,near,data/raw_pdfs/nice_ng253_sepsis.pdf,32,0.9783
data/raw_pdfs/nice_ng253_sepsis.pdf,57,near,data/raw_pdfs/nice_ng253_sepsis.pdf,42,0.9111
data/raw_pdfs/nice_ng253_sepsis.pdf,58,near,data/raw_pdfs/nice_ng253_sepsis.pdf,43,0.9722
data/raw_pdfs/nice_ng253_sepsis.pdf,61,near,data/raw_pdfs/nice_ng253_sepsis.pdf,46,0.9791
data/raw_pdfs/nice_ng253_sepsis.pdf,62,near,data/raw_pdfs/nice_ng253_sepsis.pdf,47,0.9812
data/raw_pdfs/nice_ng253_sepsis.pdf,66,near,data/raw_pdfs/nice_ng253_sepsis.pdf,50,0.9810
data/raw_pdfs/nice_ng253_sepsis.pdf,67,near,data/raw_pdfs/nice_ng253_sepsis.pdf,51,0.9231
data/raw_pdfs/nice_ng253_sepsis.pdf,71,near,data/raw_pdfs/nice_ng253_sepsis.pdf,46,0.9452
data/raw_pdfs/nice_ng253_sepsis.pdf,72,near,data/raw_pdfs/nice_ng253_sepsis.pdf,47,0.9812
data/raw_pdfs/nice_ng253_sepsis.pdf,77,near,data/raw_pdfs/nice_ng253_sepsis.pdf,46,0.9791
data/raw_pdfs/nice_ng253_sepsis.pdf,78,near,data/raw_pdfs/nice_ng253_sepsis.pdf,47,0.9812
