file,page_number,letter_count,character_count
data/raw_pdfs/who_malaria_2024-11-30.pdf,1,0,0
data/raw_pdfs/cdc_sti_treatment_guidelines_2021.pdf,190,0,0
data/raw_pdfs/cdc_sti_treatment_guidelines_2021.pdf,191,0,0
data/raw_pdfs/icmr_stw_vol1_2019.pdf,3,0,0
data/raw_pdfs/icmr_stw_vol1_2019.pdf,5,0,0
data/raw_pdfs/icmr_stw_vol1_2019.pdf,6,0,0
data/raw_pdfs/icmr_stw_vol1_2019.pdf,9,10,11
data/raw_pdfs/icmr_stw_vol1_2019.pdf,16,3,4
data/raw_pdfs/icmr_stw_vol1_2019.pdf,24,10,11
data/raw_pdfs/icmr_stw_vol1_2019.pdf,29,9,10
data/raw_pdfs/icmr_stw_vol1_2019.pdf,36,3,4
data/raw_pdfs/icmr_stw_vol1_2019.pdf,43,11,12
data/raw_pdfs/icmr_stw_vol1_2019.pdf,51,10,11
data/raw_pdfs/icmr_stw_vol1_2019.pdf,60,11,12
data/raw_pdfs/icmr_stw_vol1_2019.pdf,65,7,8
data/raw_pdfs/icmr_stw_vol3_2022.pdf,2,7,9
data/raw_pdfs/icmr_stw_vol3_2022.pdf,8,11,13
data/raw_pdfs/icmr_stw_vol3_2022.pdf,23,13,14
data/raw_pdfs/icmr_stw_vol3_2022.pdf,30,16,17
data/raw_pdfs/icmr_stw_vol3_2022.pdf,35,14,17
data/raw_pdfs/icmr_stw_vol3_2022.pdf,41,17,21
data/raw_pdfs/icmr_stw_vol3_2022.pdf,43,11,13
data/raw_pdfs/icmr_stw_vol3_2022.pdf,45,11,12
data/raw_pdfs/icmr_stw_vol3_2022.pdf,56,8,9
data/raw_pdfs/icmr_stw_vol3_2022.pdf,60,13,14
data/raw_pdfs/icmr_stw_vol3_2022.pdf,64,12,13
data/raw_pdfs/icmr_stw_vol3_2022.pdf,67,17,20
