file,page_number,letter_count
data/raw_pdfs/who_malaria_2024-11-30.pdf,1,0
data/raw_pdfs/cdc_sti_treatment_guidelines_2021.pdf,190,0
data/raw_pdfs/cdc_sti_treatment_guidelines_2021.pdf,191,0
data/raw_pdfs/icmr_stw_vol1_2019.pdf,3,0
data/raw_pdfs/icmr_stw_vol1_2019.pdf,5,0
data/raw_pdfs/icmr_stw_vol1_2019.pdf,6,0
data/raw_pdfs/icmr_stw_vol1_2019.pdf,9,10
data/raw_pdfs/icmr_stw_vol1_2019.pdf,16,3
data/raw_pdfs/icmr_stw_vol1_2019.pdf,24,10
data/raw_pdfs/icmr_stw_vol1_2019.pdf,29,9
data/raw_pdfs/icmr_stw_vol1_2019.pdf,36,3
data/raw_pdfs/icmr_stw_vol1_2019.pdf,43,11
data/raw_pdfs/icmr_stw_vol1_2019.pdf,51,10
data/raw_pdfs/icmr_stw_vol1_2019.pdf,60,11
data/raw_pdfs/icmr_stw_vol1_2019.pdf,65,7
data/raw_pdfs/icmr_stw_vol3_2022.pdf,2,7
data/raw_pdfs/icmr_stw_vol3_2022.pdf,8,11
data/raw_pdfs/icmr_stw_vol3_2022.pdf,23,13
data/raw_pdfs/icmr_stw_vol3_2022.pdf,30,16
data/raw_pdfs/icmr_stw_vol3_2022.pdf,35,14
data/raw_pdfs/icmr_stw_vol3_2022.pdf,41,17
data/raw_pdfs/icmr_stw_vol3_2022.pdf,43,11
data/raw_pdfs/icmr_stw_vol3_2022.pdf,45,11
data/raw_pdfs/icmr_stw_vol3_2022.pdf,56,8
data/raw_pdfs/icmr_stw_vol3_2022.pdf,60,13
data/raw_pdfs/icmr_stw_vol3_2022.pdf,64,12
data/raw_pdfs/icmr_stw_vol3_2022.pdf,67,17
