prompt_id,instruction,output,new_tokens,elapsed_seconds,tokens_per_second,model_id,torch_dtype,decoding,max_new_tokens
malaria_uncomplicated_pf,What treatment does the malaria guidance recommend for uncomplicated Plasmodium falciparum malaria in adults and in children weighing at least 25 kg?,"The malaria guidance recommends artemether-lumefantrine (AL) for uncomplicated Plasmodium falciparum malaria in adults and in children weighing at least 25 kg.

### Evidence:
The malaria guidance recommends AL for uncomplicated Plasmodium falciparum malaria in adults and in children weighing at least 25 kg.

### References:
1. World Health Organization. Guidelines for the treatment of malaria. 2015.

### Notes:
The malaria guidance recommends AL for uncomplicated Plasmodium falciparum malaria in adults and in children weigh",150,6.0626,24.74,mistralai/Mistral-7B-v0.1,bfloat16,greedy,150
sepsis_iv_antibiotics,"In an adult with suspected sepsis, when should intravenous antibiotics be started, and what should happen if the source of infection is still uncertain?","In an adult with suspected sepsis, intravenous antibiotics should be started as soon as possible, ideally within 1 hour of recognition of sepsis.

If the source of infection is still uncertain, broad-spectrum antibiotics should be started.

### Evidence:

The Surviving Sepsis Campaign (SSC) guidelines recommend that intravenous antibiotics should be started as soon as possible, ideally within 1 hour of recognition of sepsis.

The SSC guidelines also recommend that broad-spectrum antibiotics should be started if the source of infection is still uncertain.

### References:

1. Surviving",150,4.9406,30.36,mistralai/Mistral-7B-v0.1,bfloat16,greedy,150
hypertension_first_line,"What first-line antihypertensive treatment does the adult hypertension guidance recommend, and how does age change that choice?","The adult hypertension guidance recommends that the first-line antihypertensive treatment for adults with hypertension is a thiazide-type diuretic, calcium channel blocker, or angiotensin-converting enzyme inhibitor. The choice of first-line antihypertensive treatment is based on the patient's age, comorbidities, and other factors.

### Evidence:
The adult hypertension guidance is based on a systematic review of the literature and expert consensus. The review included studies that evaluated the effectiveness and safety of different antihypertensive treatments in adults with hypertension. The guidance recommends a thiazide-type di",150,4.8965,30.63,mistralai/Mistral-7B-v0.1,bfloat16,greedy,150
