step,epoch,loss,learning_rate,grad_norm
1,0.1,2.0982,0.0002,8.06299877166748
2,0.2,2.2693,0.0001931034482758621,11.030694007873535
3,0.3,1.8479,0.00018620689655172415,9.367912292480469
4,0.4,1.8295,0.0001793103448275862,8.956093788146973
5,0.5,1.9907,0.00017241379310344826,9.059431076049805
6,0.6,2.0315,0.00016551724137931035,12.559770584106445
7,0.7,1.648,0.00015862068965517243,11.545012474060059
8,0.8,1.4472,0.00015172413793103449,12.770089149475098
9,0.9,1.0649,0.00014482758620689657,10.48910140991211
10,1.0,1.5362,0.00013793103448275863,16.1055908203125
11,1.1,1.3649,0.00013103448275862068,12.20078182220459
12,1.2,1.3554,0.00012413793103448277,12.2991943359375
13,1.3,1.2148,0.00011724137931034482,10.599824905395508
14,1.4,1.3179,0.0001103448275862069,10.33635425567627
15,1.5,1.1197,0.00010344827586206898,11.633761405944824
16,1.6,1.2847,9.655172413793105e-05,11.438894271850586
17,1.7,1.0275,8.96551724137931e-05,11.144973754882812
18,1.8,1.1758,8.275862068965517e-05,15.687664985656738
19,1.9,1.3173,7.586206896551724e-05,13.155942916870117
20,2.0,1.1846,6.896551724137931e-05,11.461203575134277
21,2.1,1.029,6.206896551724138e-05,11.833758354187012
22,2.2,1.0701,5.517241379310345e-05,12.371700286865234
23,2.3,0.9947,4.827586206896552e-05,11.77774429321289
24,2.4,0.9266,4.1379310344827587e-05,10.597424507141113
25,2.5,1.3935,3.4482758620689657e-05,11.308374404907227
26,2.6,0.9923,2.7586206896551727e-05,12.281694412231445
27,2.7,1.1633,2.0689655172413793e-05,11.352023124694824
28,2.8,1.1288,1.3793103448275863e-05,11.138116836547852
29,2.9,0.7853,6.896551724137932e-06,9.990019798278809
30,3.0,1.0795,0.0,10.209790229797363
